epoch,train_loss,val_top1,val_top5
0,5.132045568180451,12.39,36.73
1,4.7112817294161085,38.39,70.55
2,4.363255498351269,53.63,81.44
3,4.191824187389867,60.61,85.44
4,4.103824050112052,62.36,86.2
5,4.0181340017330935,64.94,87.36
6,3.9476934810301407,67.18,88.35
7,3.877883290817124,68.22,89.26
8,3.8155855970712387,70.09,90.21
9,3.7644890700961806,71.42,90.41
10,3.738290980286543,71.22,90.6
11,3.68656731048711,72.73,91.18
12,3.672111530157424,73.06,91.19
13,3.6120296831167615,73.62,91.51
14,3.6034447395847335,74.14,91.76
15,3.5104783191876283,74.7,92.01
16,3.5403541282258173,74.83,92.21
17,3.4769602923936636,75.77,92.48
18,3.4803566050437897,76.47,92.97
19,3.439915903093873,76.59,93.06
20,3.4007289498166755,77.24,93.31
21,3.3807794684484582,77.84,93.43
22,3.339613717588359,77.85,93.34
23,3.350484153830593,78.36,93.58
24,3.3121282050002097,79.06,93.9
25,3.2862335719769193,79.14,93.73
26,3.2714971218463247,79.51,93.71
27,3.2223252087030154,79.68,94.06
28,3.2551938012986423,80.14,94.24
29,3.1842032380964937,80.39,94.14
30,3.2174829965059035,80.25,94.22
31,3.1923864519702945,80.74,94.5
32,3.142863317427348,80.77,94.39
